{
  "N_values": [
    4,
    6,
    8,
    12,
    16,
    24
  ],
  "SP": {
    "qfi": [
      4.583268757956183,
      0.9412712431691627,
      0.0,
      0.0,
      0.0,
      0.0
    ],
    "alpha": -3.904001467787051,
    "alpha_std": 0.0,
    "r_squared": 1.0
  },
  "FF": {
    "qfi": [
      4.583268757956183,
      0.9412712431691627,
      0.0,
      0.0,
      0.0,
      0.0
    ],
    "alpha": -3.904001467787051,
    "alpha_std": 0.0,
    "r_squared": 1.0
  },
  "GREEDY-QFI": {
    "qfi": [
      4.583268757956183,
      0.9412712431691627,
      0.0,
      0.0,
      0.0,
      0.0
    ],
    "alpha": -3.904001467787051,
    "alpha_std": 0.0,
    "r_squared": 1.0
  },
  "RANDOM": {
    "qfi": [
      0.07626236720570934,
      0.0,
      0.0,
      0.0,
      0.0,
      0.0
    ],
    "alpha": 0.0,
    "alpha_std": 0.0,
    "r_squared": 0.0
  },
  "ER": {
    "qfi": [
      4.583268757956183,
      0.9412712431691627,
      0.0,
      0.0,
      0.0,
      0.0
    ],
    "alpha": -3.904001467787051,
    "alpha_std": 0.0,
    "r_squared": 1.0
  }
}